elf_code,country_code,entity_legal_form
CDOV,AG,International Business Corporation
CRL9,AW,Stichting
CYW2,AW,Vennootschap onder firma
GAJN,AW,Commanditaire vennootschap (1)
M27U,AW,Besloten vennootschap
OLAI,AW,Vereniging
P65N,AW,Naamloze vennootschap
PCRJ,AW,Cooperatieve vereniging
PT6C,AW,Eenmanszaak
REUP,AW,Aruba vrijgestelde vennootschap
T5RL,AW,Vennootschap buitenlands recht
UV8T,AW,Maatschap
V905,AW,Vennootschap met beperkte aansprakelijkheid
YCV2,AW,Commanditaire vennootschap (1+)
6W6X,AU,Co-operative
BC38,AU,Incorporated association
J4JC,AU,Limited Partnership
LZFR,AU,Public Company limited by guarantee
PQHL,AU,No Liability Company
Q82Q,AU,Unlimited Proprietary Company
R4KK,AU,Public Company limited by shares
TXVC,AU,Limited Proprietary Company
XHCV,AU,Indigenous Corporation
1NOX,AT,Sonstiger Rechtsträger
5WWO,AT,Privatstiftung
69H1,AT,Europäische Genossenschaft (SCE)
AAL7,AT,Kommandit-Erwerbsgesellschaft
AXSB,AT,Gesellschaft mit beschränkter Haftung
CAQ1,AT,Versicherungsverein auf Gegenseitigkeit
DM88,AT,Europäische wirtschaftliche Interessenvereinigung
ECWU,AT,Einzelunternehmer
EQOV,AT,Aktiengesellschaft
G3R6,AT,Einzelkaufmann
GVPD,AT,Offene Handelsgesellschaft
JQOI,AT,Sparkasse
JTAV,AT,Offene Gesellschaft
JUHG,AT,Offene Erwerbsgesellschaft
NIJH,AT,Erwerbs- und Wirtschaftsgenossenschaft
O65B,AT,Europäische Gesellschaft (SE)
ONF1,AT,Kommanditgesellschaft
1TX8,BE,Kommanditgesellschaft auf Aktien mit sozialerZielsetzung
2QSA,BE,Genossenschaft mit beschränkter Haftung mitsozialer Zielsetzung
36KV,BE,Europäische Gesellschaft (Societas Europaea)
3LMA,BE,Ausländische Gesellschaft
3N94,BE,Unternehmen natürliche Person
4E5P,BE,Genossenschaft mit unbeschränkter Haftung mitsozialer Zielsetzung
7SJP,BE,Europäische wirtschaftliche Interessenvereinigung
8E2A,BE,Genossenschaft mit beschränkter Haftung
8YLB,BE,Einrichtung ohne Gewinnerzielungsabsicht
B910,BE,Offene Handelsgesellschaft mit sozialer Zielsetzung
C609,BE,Privatgesellschaft mit beschränkter Haftung miteinem Alleingesellschafter
CFH5,BE,Gesellschaften oder Vereinigungen ohneRechtspersönlichkeit
EDMK,BE,Öffentlich-rechtliche Vereinigung ohneGewinnerzielungsabsicht
EXY8,BE,"Öffentlich-rechtliche Genossenschaft mitunbeschränkter Haftung, Genossenschaft aufBeteiligung"
J5OU,BE,Wirtschaftliche Interessenvereinigung
JNAD,BE,Privatgesellschaft mit beschränkter Haftung mitsozialer Zielsetzung
KLBO,BE,Zivilrechtliche Gesellschaft in der Rechtsform einerKommanditgesellschaft auf Aktien
KM6O,BE,Gesellschaft des allgemeinen Rechts
LWHF,BE,Genossenschaft mit unbeschränkter Haftung
LWV6,BE,Einfache Kommanditgesellschaft
N5NT,BE,Privatgesellschaft mit beschränkter Haftung
O59C,BE,Wirtschaftliche Interessenvereinigung mit sozialerZielsetzung
O5HQ,BE,Zivilrechtliche Gesellschaft in der Rechtsform einerGenossenschaft mit beschränkter Haftung
PVT3,BE,Privatgesellschaft mit beschränkter Haftung mitsozialer Zielsetzung mit einem Alleingesellschafter
QZIS,BE,Öffentliche Einrichtung
R85P,BE,Aktiengesellschaft
T922,BE,Zivilrechtliche Gesellschaft in der Rechtsform einereinfachen Kommanditgesellschaft
TPTU,BE,Öffentlich-rechtliche Aktiengesellschaft
U2PN,BE,Kommanditgesellschaft auf Aktien
U5KF,BE,Zivilrechtliche Gesellschaft in der Rechtsform eineroffenen Handelsgesellschaft
UCT9,BE,Zivilrechtliche Gesellschaft in der Rechtsform einerlandwirtschaftlichen Gesellschaft
UW1Y,BE,Offene Handelsgesellschaft
V03J,BE,Internationale Vereinigung ohneGewinnerzielungsabsicht
V8L7,BE,Zivilrechtliche Gesellschaft in der Rechtsform einerPrivatgesellschaft mit beschränkter Haftung
W3WH,BE,Vereinigung ohne Gewinnerzielungsabsicht
WTLP,BE,Zivilrechtliche Gesellschaft in der Rechtsform einerGenossenschaft mit unbeschränkter Haftung
X8ZK,BE,Öffentlich-rechtliche Genossenschaft mitbeschränkter Haftung
XLEO,BE,Einfache Kommanditgesellschaft mit sozialerZielsetzung
XQZX,BE,Zivilrechtliche Gesellschaft in der Rechtsform einerAktiengesellschaft
Y1Q4,BE,Privatstiftung
YBHM,BE,Europäische Genossenschaft
ZOK2,BE,Landwirtschaftliche Gesellschaft
ZSFX,BE,Aktiengesellschaft mit sozialer Zielsetzung
ZUHK,BE,Gemeinnützige Stiftung
1TX8,BE,Société en commandite par actions à finalité sociale
2QSA,BE,Société coopérative à responsabilité limitée àfinalité sociale
36KV,BE,Société européenne (Societas Europaea)
3LMA,BE,Entreprise étrangère
3N94,BE,Entreprise personne physique
4E5P,BE,Société coopérative à responsabilité illimitée àfinalité sociale
7SJP,BE,Groupement européen d'intérêt économique
8E2A,BE,Société coopérative à responsabilité limitée
8YLB,BE,Institution sans but lucratif
B910,BE,Société en nom collectif à finalité sociale
C609,BE,Société privée à responsabilité limitéeunipersonnelle
CFH5,BE,Société ou association sans personnalité juridique
EDMK,BE,Association sans but lucratif de droit public
EXY8,BE,"Coopérative à responsabilité illimitée, coopérativede participation, de droit public"
J5OU,BE,Groupement d'intérêt économique
JNAD,BE,Société privée à responsabilité limitée à finalitésociale
KLBO,BE,Société civile sous forme de société en commanditepar actions
KM6O,BE,Société de droit commun
LWHF,BE,Société coopérative à responsabilité illimitée
LWV6,BE,Société en commandite simple
N5NT,BE,Société privée à responsabilité limitée
O59C,BE,Groupement d'intérêt économique à finalité sociale
O5HQ,BE,Société civile sous forme de société coopérative àresponsabilité limitée
PVT3,BE,Société privée à responsabilité limitéeunipersonnelle à finalité sociale
QZIS,BE,Etablissement public
R85P,BE,Société anonyme
T922,BE,Société civile sous forme de société en commanditesimple
TPTU,BE,Société anonyme de droit public
U2PN,BE,Société en commandite par actions
U5KF,BE,Société civile sous forme de société en nom collectif
UCT9,BE,Société civile sous forme de société agricole
UW1Y,BE,Société en nom collectif
V03J,BE,Association internationale sans but lucratif
V8L7,BE,Société civile sous forme de société privée àresponsabilité limitée
W3WH,BE,Association sans but lucratif
WTLP,BE,Société civile sous forme de société coopérative àresponsabilité illimitée
X8ZK,BE,Société coopérative à responsabilité limitée dedroit public
XLEO,BE,Société en commandite simple à finalité sociale
XQZX,BE,Société civile sous forme de société anonyme
Y1Q4,BE,Fondation privée
YBHM,BE,Société coopérative européenne
ZOK2,BE,Société agricole
ZSFX,BE,Société anonyme à finalité sociale
ZUHK,BE,Fondation d'utilité publique
1TX8,BE,Commanditaire vennootschap op aandelen meteen sociaal oogmerk
2QSA,BE,Coöperatieve vennootschap met beperkteaansprakelijkheid met een sociaal oogmerk
36KV,BE,Europese vennootschap (Societas Europaea)
3LMA,BE,Buitenlandse onderneming
3N94,BE,Onderneming-natuurlijk persoon
4E5P,BE,Coöperatieve vennootschap met onbeperkteaansprakelijkheid met een sociaal oogmerk
7SJP,BE,Europees economisch samenwerkingsverband
8E2A,BE,Coöperatieve vennootschap met beperkteaansprakelijkheid
8YLB,BE,Instelling zonder winstoogmerk
B910,BE,Vennootschap onder firma met een sociaal oogmerk
C609,BE,Eenpersoons besloten vennootschap met beperkteaansprakelijkheid
CFH5,BE,Vennootschap of vereniging zonderrechtspersoonlijkheid
EDMK,BE,Vereniging zonder winstoogmerk van publiek recht
EXY8,BE,"Coöperatieve vennootschap met onbeperkteaansprakelijkheid, bij wijze van deelneming vanpubliek recht"
J5OU,BE,Economisch samenwerkingsverband
JNAD,BE,Besloten vennootschap met beperkteaansprakelijkheid met een sociaal oogmerk
KLBO,BE,Burgerlijke vennootschap onder vorm vancommanditaire vennootschap op aandelen
KM6O,BE,Maatschap
LWHF,BE,Coöperatieve vennootschap met onbeperkteaansprakelijkheid
LWV6,BE,Gewone commanditaire vennootschap
N5NT,BE,Besloten vennootschap met beperkteaansprakelijkheid
O59C,BE,Economisch samenwerkingsverband met eensociaal oogmerk
O5HQ,BE,Burgerlijke vennootschap onder vorm vancoöperatieve vennootschap met beperkteaansprakelijkheid
PVT3,BE,Eenpersoons besloten vennootschap met beperkteaansprakelijkheid met een sociaal oogmerk
QZIS,BE,Openbare instelling
R85P,BE,Naamloze vennootschap
T922,BE,Burgerlijke vennootschap onder vorm van gewonecommanditaire vennootschap
TPTU,BE,Naamloze vennootschap van publiek recht
U2PN,BE,Commanditaire vennootschap op aandelen
U5KF,BE,Burgerlijke vennootschap onder vorm vanvennootschap onder firma
UCT9,BE,Burgerlijke Vennootschap onder vorm vanLandbouwvennootschap (BV LV)
UW1Y,BE,Vennootschap onder firma
V03J,BE,Internationale vereniging zonder winstoogmerk
V8L7,BE,Burgerlijke vennootschap onder vorm van beslotenvennootschap met beperkte aansprakelijkheid
W3WH,BE,Vereniging zonder winstoogmerk
WTLP,BE,Burgerlijke vennootschap onder vorm vancoöperatieve vennootschap met onbeperkteaansprakelijkheid
X8ZK,BE,Coöperatieve vennootschap met beperkteaansprakelijkheid van publiek recht
XLEO,BE,Gewone commanditaire vennootschap met eensociaal oogmerk
XQZX,BE,Burgerlijke vennootschap onder vorm vannaamloze vennootschap
Y1Q4,BE,Private stichting
YBHM,BE,Europese Coöperatieve Vennootschap
ZOK2,BE,Landbouwvennootschap
ZSFX,BE,Naamloze vennootschap met een sociaal oogmerk
ZUHK,BE,Stichting van openbaar nut
1A0A,BQ,Besloten vennootschap
3Y5C,BQ,Besloten vennootschap naar Nederlands recht
4S4Z,BQ,Commanditaire vennootschap met meerderebeherende vennoten
4ZBE,BQ,Maatschap
51WZ,BQ,Vereniging met beperkte rechtsbevoegdheid
56MU,BQ,Aandeelhouder bestuurde Besloten vennootschap
92JZ,BQ,Stichting
AS4W,BQ,Stichting particulier fonds
B2UK,BQ,Nevenvestiging met hoofdvestiging buiten bonaire
DQMJ,BQ,Naamloze vennootschap
FCPM,BQ,Vereniging met volledige rechtsbevoegdheid
IPTQ,BQ,Eenmanszaak met meerdere eigenaren
JFQ5,BQ,Buitenlandse rechtsvorm hoofdvestiging op Bonaire
KSHL,BQ,Commanditaire vennootschap op aandelen
NPFB,BQ,Eenmanszaak
SNRI,BQ,Vennootschap onder Firma
VHIY,BQ,Cooperatie
X088,BQ,Vereniging zonder rechtsbevoegdheid
XL51,BQ,Commanditaire vennootschap met één beherendvennoot
4IXL,BW,Close Companies
771I,BW,Private Limited Liability Companies
QK1F,BW,Public Limited Liability Companies
Y2L3,BW,Companies limited by Guarantee
946C,BG,Ednolichen targovets
CTCH,BG,Kooperatsia
EJ06,BG,Ednolichno aktsionerno druzhestvo
FPP2,BG,Sabiratelno druzhestvo (SD)/Sadruzhie
HN63,BG,Komanditno druzhestvo s aktsii
PW3Y,BG,Aktsionerno druzhestvo sas spetsialnainvestitsionna tsel
S94S,BG,Komanditno druzhestvo
SZW0,BG,evropeysko druzhestvo
TCGV,BG,Druzhestvo uchredeno po Zakona za zadalzheniyatai dogovorite
U8LM,BG,evropeysko kooperativno druzhestvo
VJ3G,BG,Druzhestvo s ogranichena otgovornost
WTK4,BG,Aktsionerno druzhestvo
WVIN,BG,Ednolichno druzhestvo s ogranichena otgovornost
1EQC,CA,trade name/sole proprietorship
60MF,CA,Alberta trust corporation
BASA,CA,Alberta cooperative
BH5D,CA,rural utility cooperative
C9KZ,CA,Alberta professional corporation
DK7L,CA,Alberta loan corporation
G65S,CA,Alberta credit union
J3C5,CA,Alberta unlimited liability corporation
K1QX,CA,Alberta society
KVC1,CA,general partnership
R0KX,CA,private act corporation
RHVP,CA,private act non-profit corp
RN4K,CA,Alberta limited partnership
TRO6,CA,agricultural society
TS9O,CA,religious society
U938,CA,Alberta limited liability partnership
1CML,CA,Sole proprietorship
23V9,CA,Limited partnership
AW80,CA,Association (includes housing cooperative andcommunity service cooperative)
F9J3,CA,Limited partnership formed outside of BC
HLBQ,CA,Pension fund society
LNBY,CA,Limited liability partnership
LRRN,CA,Mutual fire insurance company
O13B,CA,General partnership
OTU7,CA,Extraprovincial non-share corporation
QODJ,CA,Extraprovincial limited liability partnership
S3K4,CA,Registered extraprovincial non-share corporation
TGLV,CA,Extraprovincial corporation (registered foreignentity)
WFPH,CA,Society (includes member-funded society)
XOYI,CA,Credit union
YG5M,CA,Company (includes community contributioncompany and unlimited liability company)
59T2,CA,board of trade
6TRA,CA,corporations enacted by an Act of Parliament
D90J,CA,corporation without share capital
M4IF,CA,pension fund society
MGE0,CA,cooperative
UDLA,CA,business corporation
3Q15,CA,partnership
56KZ,CA,agricultural fair association
6U2Q,CA,condominium corporation
7P8Y,CA,limited partnership
B3RX,CA,corporation
D8UQ,CA,professional corporation
DHGI,CA,project company
EKRT,CA,loan company
EPFN,CA,New Brunswick limited liability partnership
GF6X,CA,business name - sole proprietor
GLX2,CA,agricultural society
IKMB,CA,co-operative association
JBBW,CA,company
M53U,CA,depends on Act of the Legislature
MY4W,CA,credit union
G9PJ,CA,"Limited Liability Partnership (Manitoba and Extra-provincial, lawyers and accountants only)"
GM04,CA,Cooperative
HBCT,CA,Ukrainian Catholic Parish
LV28,CA,Condominium Corporation
MXLT,CA,Sole Proprietorship
OPRT,CA,Limited Partnership
RBBY,CA,Partnership
SS1V,CA,registration of extra-provincial corporations
Y485,CA,Credit union or Caisse Populaire
1E9M,CA,Limited Partnership
3Y5V,CA,co-operatives
ASWX,CA,share corporations
EBYQ,CA,Credit Union
ER0H,CA,registration of extra-provincial corporations
GTBR,CA,Condominium Corporation
IKGM,CA,non-share corporations
SYPT,CA,Limited Liability Partnership
1ADH,CA,Extra-Territorial Corporation(for profit and not-for-profit)
CS15,CA,NT society
KAM9,CA,co-operative
PIDT,CA,NT corporation
QN8Y,CA,NT Professional Corporation authorized under theProfessional Corporations Act
QR4F,CA,business name/sole proprietorship
TPZ2,CA,private act corporation
W126,CA,private act not-for-profit corporation
59T2,CA,chambre de commerce
6TRA,CA,corporation constituée par une loi du Parlement
D90J,CA,organisation sans capital-actions
M4IF,CA,société de caisse de retraite
MGE0,CA,coopérative
UDLA,CA,société par actions
40JO,CA,société en commandite
44LR,CA,corporation professionnelle
4M62,CA,compagnie de prêt
64XG,CA,association coopérative
8MEC,CA,société à responsabilité limitée du Nouveau-Brunswick
AXW3,CA,selon la loi de la Législature
FGSL,CA,association condominiale
GPG0,CA,compagnie
IDBS,CA,compagnie de fiducie
IKSU,CA,société en nom collectif
ILON,CA,caisse populaire
NONB,CA,corporation
QJ3A,CA,gérant de projet
QNSC,CA,personne morale étrangère résidante
TSQ7,CA,association de foires agricoles
WI0P,CA,société agricole
ZY4E,CA,appellation commerciale - propriétaire unique
10UR,CA,Syndicat coopératif
2U3G,CA,Société en nom collectif à responsabilité limitée
814Y,CA,Société en participation
A7KA,CA,Selon la loi par Loi spéciale du Québec à caractèrepublic
CT3J,CA,"compagnies (Partie II et Partie III), Code desprofessions, Loi concernant le regroupement et lagestion des commissions scolaires , Loi surl’aménagement et l’urbanisme, Loi sur l’instructionpublique, Loi sur l’organisation municipale decertains territoires, Loi sur la conservation de lafaune, Loi sur la conservation et la mise en valeurde la faune, Loi sur la constitution de certainesÉglises, Loi sur la Fédération des guides catholiquesdu Québec , Loi sur la Fédération des scoutscatholiques du Québec , Loi sur la formation et laqualification professionnelles de la main-d’œuvre,Loi sur la mise en marché des produits agricoles,alimentaires et de la pêche, Loi sur la mise enmarché des produits agricoles, Loi sur la probationet sur les établissements de détention, Loi sur lasanté et la sécurité du travail, Loi sur la Sociétéd’habitation du Québec, Loi sur la société Saint-Jean-Baptiste de Trois-Rivières, Loi sur la sociétéSaint-Jean-Baptiste du Québec, Loi sur lesassociations coopératives, Loi sur les assurances,Loi sur les cercles agricoles, Loi sur les Chevaliers deColomb de la province de Québec, Loi sur les citéset villes, Loi sur les clubs de chasse et de pêche, Loisur les clubs de récréation, Loi sur les collèges"
JVMD,CA,"Société par actions par Fonds mutuel constitué paracte de fiducie, Loi sur les assurances, Loi sur lescompagnies de fidéicommis, Loi sur les compagniesde flottage, Loi sur les compagnies de gaz, d’eau etd’électricité, Loi sur les compagnies de télégrapheet de téléphone, Loi sur les compagnies minières,Loi sur les sociétés de construction, Loi sur lessociétés de développement de l'entreprisequébécoise, Loi sur les sociétés de fiducie et lessociétés d'épargne, Loi sur les sociétés de patronsde fabriques de producteurs laitiers, Loi sur lessociétés d'entraide économique, Loi sur les sociétésd'exploration minière, Loi sur les syndicats d'élevage"
QB2W,CA,Coopérative
RQIC,CA,Société en commandite
T1LR,CA,Syndicat de copropriété
TWLR,CA,Association
UG3Z,CA,Société par actions par Loi sur les sociétés paractions
YRUJ,CA,Société en nom collectif
Z6MF,CA,Selon la loi par Loi spéciale du Québec à caractèreprivé
24EG,HR,Kreditna unija
2FED,HR,Gospodarsko interesno udruženje
3OW3,HR,Europsko gospodarsko interesno udruženje(skraćeno EGIU)
8VRU,HR,"Europska zadruga (Societas Cooperativa Europaea,skraćeno SCE)"
9D9U,HR,Trgovac pojedinac
E9CM,HR,"Europsko društvo (Societas Europaea, skraćeno SE)"
EYKU,HR,Stečajna masa
G5RH,HR,Zadruge
IVVD,HR,Savez zadruga
KP34,HR,Javno trgovačko društvo
LUMA,HR,Dioničko društvo
MF7P,HR,Komanditno društvo
NRTG,HR,Podružnica
OQWO,HR,Društvo s ograničenom odgovornošću
YA9S,HR,Zajednica ustanova
ZFQS,HR,Ustanova
1SVL,CW,Stille vennootschap
1T06,CW,Stichting
2J66,CW,Stichting Particulier Fonds
36AO,CW,Naamloze Vennootschap
5OZV,CW,Eenmanszaak
9E0Q,CW,Commanditaire vennootschap
ADF8,CW,Coöperatie
IHD0,CW,Rederij
KM1T,CW,Openbare vennootschap
MZB1,CW,Besloten Vennootschap
SS3A,CW,Onderlinge waarborgmaatschappij
WV3I,CW,Vereniging
ZKTC,CW,Trust
1MBR,CY,Alli nomiki morfi
233U,CY,Synetairismos
8BL9,CY,Evropaiki Dimosia Etaireia Periorismenis Efthynis
BCF5,CY,Dimosia Etaireia Periorismenis Efthynis memetoches
FV0K,CY,Emporiki Eponymia
GLCH,CY,Somateia kai Idrymata
HIL6,CY,Allodapi Etaireia
I8RE,CY,Aftotelos ergazomenos
INTY,CY,"Etaireia Periorismenis Efthynis me engyisi, kai pouechei metochiko kefalaio"
K9L6,CY,Idiotiki Etaireia Periorismenis Efthynis me metoches
MYKG,CY,Dimosia Etaireia
P12B,CY,Tameia Pronoias/ Syntaxeos
RCPI,CY,Idiotiki Etaireia
T1JS,CY,Ontotites pou diepontai apo to dimosio dikaio
U24X,CY,Synergatika Pistotika Idrymata
W86L,CY,"Etaireia Periorismenis Efthynis me engyisi, chorismetochiko kefalaio"
1JK6,CZ,Svépomocné zemědělské družstvo
2DK3,CZ,Podnik nebo hospodářské zařízení politické strany
2N9X,CZ,Česká konsolidační agentura
3BX3,CZ,Evropské seskupení pro územní spolupráci
3G3D,CZ,Nadace
3RMA,CZ,Státní fond ze zákona
4A26,CZ,Zájmová organizace družstev
4OTK,CZ,Regionální rada regionu soudržnosti
4UB2,CZ,Garanční fond obchodníků s cennými papíry
4YAK,CZ,Stálý rozhodčí soud
5AP3,CZ,Pobočná mezinárodní organizace zaměstnavatelů
5KU5,CZ,Veřejná obchodní společnost
6CQN,CZ,Akciová společnost
6FAI,CZ,Státní podnik
6OMW,CZ,Organizační jednotka občanského sdružení
747U,CZ,Společnost komanditní na akcie
74W6,CZ,Státní příspěvková organizace ostatní
7OZQ,CZ,Zájmové sdružení
84J8,CZ,Státní hospodářská organizace řízená okresnímúřadem
8K5T,CZ,Spotřební družstvo
917C,CZ,Česká tisková kancelář
95G8,CZ,Podnikající fyzická osoba tuzemská
971Y,CZ,Podnik nebo hospodářské zařízení sdružení
9HLU,CZ,Společnost s ručením omezeným
9RVC,CZ,Družstvo
9XDB,CZ,Občanské sdružení
AM3T,CZ,Státní fond ze zákona nezapisující se do obchodníhorejstříku
APEN,CZ,"Správa železniční dopravní cesty, státní organizace"
BL4B,CZ,Obecně prospěšná společnost
C4Q2,CZ,Všeobecná zdravotní pojišťovna
C5FE,CZ,Samostatná drobná provozovna (obecního úřadu)
C7GZ,CZ,Výrobní družstvo
CATU,CZ,Spolek
CD28,CZ,Společnost komanditní
CHJR,CZ,Podnik se zahraniční majetkovou účastí
CIO8,CZ,Veřejná výzkumná instituce
CUKQ,CZ,Mezinárodní organizace zaměstnavatelů
CZUA,CZ,Zahraniční fyzická osoba
D1VK,CZ,Školská právnická osoba
D35X,CZ,Zahraniční spolek
ET6Z,CZ,Svazy církví a náboženských společností
FIPS,CZ,Banka-státní peněžní ústav
FY1B,CZ,Církve a náboženské společnosti
G2I3,CZ,Pobočný spolek
H4XQ,CZ,Veřejné neziskové ústavní zdravotnické zařízení
H6WW,CZ,Státní příspěvková organizace
HQPK,CZ,"Komora (hospodářská, agrární)"
HS5W,CZ,Vnitřní organizační jednotka organizační složky státu
HSNC,CZ,Podnik zahraničního obchodu
HY6K,CZ,Organizační složka zahraničního nadačního fondu
I32F,CZ,Sdružení mezinárodního obchodu
I68R,CZ,Organizační jednotka zvláštní organizace prozastoupení českých zájmů v mezinárodníchnevládních organizacích
IQ9O,CZ,Společenství vlastníků jednotek
J8PB,CZ,Obec
JCAD,CZ,Evidované církevní právnické osoby
JJYB,CZ,Zahraniční pobočný spolek
KM6Z,CZ,Státní banka československá
LEDI,CZ,Honební společenstvo
LJ92,CZ,Československé státní dráhy-státní organizace
LJL0,CZ,Organizační složka státu
LPCQ,CZ,Mezinárodní odborová organizace
MAVU,CZ,Dobrovolný svazek obcí
MBUU,CZ,Příspěvková organizace zřízená územnímsamosprávným celkem
NI3I,CZ,Veřejnoprávní instituce
NJ87,CZ,Společný podnik (s více zakladateli)
NPH3,CZ,Česká národní banka
NQHQ,CZ,Komoditní burza
O9PW,CZ,Samosprávná stavovská organizace (profesníkomora)
OVKW,CZ,"Vysoká škola (veřejná, státní)"
P3YF,CZ,Pobočná odborová organizace a organizacezaměstnavatelů
PFE5,CZ,"Městská část, městský obvod"
PQJE,CZ,Mezinárodní nevládní organizace
Q25I,CZ,Odborová organizace a organizace zaměstnavatelů
QIEL,CZ,Kraj
QJ0F,CZ,Ústav
QJWK,CZ,Rada pro veřejný dohled nad auditem
QQ49,CZ,Zdravotní pojišťovna (mimo VZP)
QS6A,CZ,Nadační fond
R2XE,CZ,Organizační jednotka mezinárodní nevládníorganizace
RBGQ,CZ,Evropské hospodářské zájmové sdružení
RHFQ,CZ,Družstevní podnik (s 1 zakladatelem)
RP0E,CZ,Obecní podnik
T1FT,CZ,Evropská družstevní společnost
T3Q1,CZ,Bytové družstvo
TNBA,CZ,Odštěpný závod zahraniční právnické osoby
U95A,CZ,Odštěpný závod zahraniční fyzické osoby
UFDA,CZ,Národní podnik
V6YH,CZ,Společná zájmová organizace družstev
VIE3,CZ,Zájmové sdružení právnických osob
VQU7,CZ,Organizační složka zahraniční nadace
WJ30,CZ,Družstevní podnik zemědělský
WL83,CZ,Zvláštní organizace pro zastoupení českých zájmů vmezinárodních nevládních organizacích
WO0T,CZ,Pobočná mezinárodní odborová organizace
WUFK,CZ,Odštěpný závod
WVZF,CZ,Účelová zahraničně obchodní organizace
XG70,CZ,Právnikcá osoba zřízená zvláštním zákonemzapisovaná do veřejného rejstříku
XRK7,CZ,"Politická strana, politické hnutí"
Y18E,CZ,Společný podnik
Z3BF,CZ,Zemědělské družstvo
ZQO8,CZ,Evropská společnost
ZU32,CZ,Jiné družstvo
5QS7,DK,Iværksætterselskab
7WRN,DK,Interessentskab
9KSX,DK,Partnerselskab
FUKI,DK,Enkeltmandsvirksomhed
FW7S,DK,Europæisk andelsselskab
GULL,DK,Selskab med begrænset ansvar
H8VP,DK,Anpartsselskab
LWOD,DK,Medarbejderinvesteringsselskab
NUL8,DK,Kommanditselskab
PZ6Y,DK,Andelsselskab med begrænset ansvar
TB2C,DK,Europæisk økonomisk firmagruppe
UA1O,DK,Europæisk selskab
WU7R,DK,Forening med begrænset ansvar
ZRPO,DK,Aktieselskab
1NKP,EE,Sihtasutus
3UPJ,EE,Füüsilisest isikust ettevõtja
6I0P,EE,Hooneühistu
752Q,EE,Euroopa äriühing
8ZQE,EE,Korteriühistu
9LJA,EE,Aktsiaselts
CKOS,EE,Usuline ühendus
GA3A,EE,Erakond
I1UP,EE,Täisühing
J34T,EE,Ametiühing
JC0Y,EE,Osaühing
LA47,EE,Euroopa majandushuviühing
LVEQ,EE,Usaldusühing
PMOF,EE,Loomeliit
PRTB,EE,Mittetulundusühing
RXTT,EE,Euroopa ühistu
VSEV,EE,Tulundusühistu
157O,FR,Régie d'une collectivité locale à caractéreadministratif
1B88,FR,SCP de médecins
1GNM,FR,Syndicat de salariés
1L24,FR,Autre société civile
1NF1,FR,SA nationale à conseil d'administration
1Q16,FR,Société créée de fait entre personnes physiques
1Y0C,FR,SARL d'attribution
211B,FR,Société coopérative agricole
29FA,FR,Institution interrégionale ou entente
2N4L,FR,(Autre) Collectivité territoriale
2NL6,FR,"État, collectivité ou établissement public étranger"
2ONM,FR,SA d'attribution à directoire
2WMP,FR,Autre personne morale de droit administratif
2XIK,FR,Mutuelle
34QS,FR,Autre personne morale de droit privé
3AZY,FR,Coopérative d'utilisation de matériel agricole encommun (CUMA)
3FCU,FR,Société d'exercice libéral par action simplifiée
3NJL,FR,Autre personne de droit privé inscrite au registredu commerce et des sociétés
3OK3,FR,SCP de notaires
3S6E,FR,Service départemental d'incendie et de secours(SDIS)
3XTE,FR,SARL coopérative de consommation
487E,FR,Établissement public local d'enseignement
491H,FR,Association non déclarée
4DZU,FR,Autre SARL coopérative
4H0F,FR,Autre établissement public local de coopérationnon spécialisé ou entente
4JS0,FR,Association syndicale autorisée
4RT7,FR,SA de HLM à conseil d'administration
4TNX,FR,Profession libérale
4VD7,FR,Pôle d'équilibre territorial et rural (PETR)
59F9,FR,Groupement foncier agricole
5AJO,FR,Caisse d'Épargne et de Prévoyance
5H68,FR,Commerçant
5K0Q,FR,Établissement public local social et médico-social
5VCF,FR,SA à directoire (s.a.i.)
61WE,FR,Institution de retraite supplémentaire
66JQ,FR,Syndicat de copropriété
6CHY,FR,"SAS, société par actions simplifiée"
6CJJ,FR,SCP de géométres experts
6DYI,FR,Société de Participations Financiéres de ProfessionLibérale Société à responsabilité limitée (SPFPLSARL)
6IIE,FR,SA coopérative (d'intérêt) maritime à conseild'administration
6KWU,FR,Société d'exercice libéral en commandite paractions
6RUE,FR,Groupement européen d'intérêt économique (GEIE)
6SYJ,FR,SA de HLM à directoire
6YHU,FR,SA d'intérêt collectif agricole (SICA) à conseild'administration
74HH,FR,SCP de vétérinaires
7O94,FR,Groupement forestier
7SZH,FR,Autre groupement de droit privé non doté de lapersonnalité morale
7UHA,FR,Collectivité et territoire d'Outre Mer
82QO,FR,Service déconcentré de l'État à compétence (inter)départementale
87VO,FR,Safer anonyme à directoire
8FZW,FR,SCP de conseils juridiques
8G07,FR,(Autre) Personne physique
8GTU,FR,(Autre) Service déconcentré de l'État à compétenceterritoriale
8II5,FR,Autre SA coopérative à conseil d'administration
8IWA,FR,Commune associée et commune déléguée
8LX5,FR,Autre régime de prévoyance sociale
8OKM,FR,Service déconcentré à compétence nationale d'unministére (hors Défense)
8R2G,FR,Société civile immobiliére de construction-vente
8TYA,FR,Autre SA coopérative à directoire
8VDW,FR,Société d'assurance à forme mutuelle
8VWR,FR,SA d'économie mixte à conseil d'administration
8WH8,FR,Autre personne morale de droit étranger
8XDK,FR,SA d'aménagement foncier et d'équipement rural(SAFER) à conseil d'administration
94WO,FR,District urbain
97PZ,FR,SARL coopérative d'intérêt maritime
9HC8,FR,Société en participation entre personnes physiques
9KU7,FR,Union de sociétés coopératives agricoles
9N1F,FR,SA d'intérêt collectif agricole (SICA)
9O0S,FR,Association fonciére urbaine
9T5S,FR,Fondation
A0VZ,FR,SCP d'architectes
AHBR,FR,SA à participation ouvriére à directoire
AMFI,FR,Autorité constitutionnelle
B645,FR,SA d'attribution à conseil d'administration
B7I7,FR,SA coopérative artisanale à conseil d'administration
BAK2,FR,Exploitation agricole à responsabilité limitée
BAUQ,FR,SA de crédit immobilier à conseil d'administration
BDDP,FR,SCP d'infirmiers
BEWI,FR,Association déclarée
BRGA,FR,SA immobiliére d'investissement à conseild'administration
BYZF,FR,Paroisse hors zone concordataire
C42J,FR,SARL immobiliére de gestion
C4D7,FR,Ensemble urbain
CAX5,FR,Régime général de la Sécurité Sociale
CBO2,FR,Service du ministére de la Défense
CF56,FR,Mutualité sociale agricole
CNSS,FR,Société en participation de professions libérales
CNXL,FR,Artisan-commerçant
CQJI,FR,Région
CVH6,FR,SARL d'aménagement foncier et d'équipement rural(SAFER)
D2I2,FR,Syndicat intercommunal à vocation multiple(SIVOM)
DEG4,FR,Société en commandite par actions
DRQM,FR,SA coopérative de construction à conseild'administration
DTAX,FR,Autre organisme mutualiste
DWYD,FR,Association déclarée d'insertion par l'économique
DXQH,FR,Société civile fonciére
E0YF,FR,SA coopérative d'intérêt maritime à directoire
E6YB,FR,Caisse (fédérale) de crédit mutuel
EABD,FR,Société civile coopérative entre médecins
EAC8,FR,Société coopérative de production de HLManonyme à directoire
ECUL,FR,Secteur de commune
EVYY,FR,Caisse de crédit maritime mutuel
EYRI,FR,Centre technique industriel ou comitéprofessionnel du développement économique
F0B6,FR,Société en commandite simple coopérative
F6SZ,FR,SA coopérative ouvriére de production (SCOP) àdirectoire
F72Z,FR,Établissement public national à caractére industrielou commercial doté d'un comptable public
F8UD,FR,SCP d'avoués d'appel
F93F,FR,SA immobiliére pour le commerce et l'industrie(SICOMI) à conseil d'administration
FBYB,FR,Représentation ou agence commerciale d'état ouorganisme public étranger immatriculé au RCS
FEEA,FR,Établissement public national ayant fonctiond'administration centrale
FFQL,FR,Commune et commune nouvelle
FKG2,FR,Organisation internationale
FOUY,FR,SCP de commissaires aux comptes
FY0F,FR,Société civile immobiliére
FYBN,FR,SARL mixte d'intérêt agricole (SMIA)
G7Z2,FR,SARL coopérative de construction
G8LP,FR,Sociétés Interprofessionnelles de SoinsAmbulatoires
G98S,FR,Ordre professionnel ou assimilé
GFN6,FR,SA coopérative de commerçants-détaillants àconseil d'administration
GLN8,FR,Centre Intercommunal d'action sociale (CIAS)
GQV4,FR,SA immobiliére pour le commerce et l'industrie(SICOMI) à directoire
GXL6,FR,Autre établissement public national d'enseignement
GZCQ,FR,SCP de greffiers de tribunal de commerce
H1U2,FR,Société en nom collectif
H3Z4,FR,SA coopérative de transport à directoire
H3ZD,FR,SARL d'intérêt collectif agricole (SICA)
H4VR,FR,Société civile coopérative de consommation
HA3N,FR,Caisse de crédit municipal
HATI,FR,Association intermédiaire
HC8N,FR,SARL union de sociétés coopératives
HF2L,FR,"Association de droit local (Bas-Rhin, Haut-Rhin etMoselle)"
HMEI,FR,Autre société civile coopérative
HSYZ,FR,Autre société civile professionnelle
I0MH,FR,Société civile coopérative de construction
I8TE,FR,SA mixte d'intérêt agricole (SMIA)
IAP3,FR,Syndicat intercommunal à vocation unique (SIVU)
IC8G,FR,SCP d'avocats aux conseils
IC98,FR,SCP de commissaires-priseurs
IF7H,FR,SA coopérative de consommation à conseild'administration
IGSV,FR,Société civile laitiére
IQR2,FR,Société civile d'intérêt collectif agricole (SICA)
J9OZ,FR,Société d'exercice libéral à responsabilité limitée
JBIQ,FR,Institution de prévoyance
JFET,FR,Société de Participations Financiéres de ProfessionLibérale Société anonyme à Directoire (SPFPL SA àdirectoire)
JIYK,FR,Syndicat inter hospitalier
JM1W,FR,SCP de dentistes
JMO0,FR,Commission syndicale pour la gestion des biensindivis des communes
JN2P,FR,SARL unipersonnelle
JR7T,FR,SARL nationale
JU82,FR,Ministére
K39X,FR,SA union de sociétés coopératives à conseild'administration
K5KA,FR,Régie d'une collectivité locale à caractére industrielou commercial
K65D,FR,SA à conseil d'administration (s.a.i.)
K69X,FR,SA de crédit immobilier à directoire
K7XQ,FR,Établissement public national à caractérescientifique culturel et professionnel
K99N,FR,Comité d'établissement
KBEQ,FR,Société civile immobiliére d' accession progressive àla propriété
KCN5,FR,"Etablissement public administratif, cercle et foyerdans les armées"
KFR1,FR,Artisan
KMPN,FR,Établissement public national à caractéreadministratif
KQH7,FR,Société civile d'attribution
KS9B,FR,Syndicat patronal
KWI4,FR,SCP de masseurs-kinésithérapeutes
L25Z,FR,Société anonyme mixte d'intérêt agricole (SMIA) àconseil d'administration
L6QO,FR,Régime spécial de Sécurité Sociale
LARO,FR,Société par actions simplifiée à associé unique ousociété par actions simplifiée unipersonnelle
LGME,FR,SA à participation ouvriére à conseild'administration
LU8S,FR,Associé gérant de Société
LUIN,FR,SARL immobiliére pour le commerce et l'industrie(SICOMI)
M1BJ,FR,Société civile de moyens
M673,FR,Société civile d'exploitation agricole
MG2O,FR,Institution interdépartementale ou entente
MMA4,FR,SA union de sociétés coopératives à directoire
MOUL,FR,Assurance mutuelle agricole
MQPZ,FR,Caisse d'épargne et de prévoyance à formecoopérative
MX8J,FR,SA coopérative de commerçants-détaillants àdirectoire
NBA8,FR,Autre établissement public national administratif àcompétence territoriale limitée
NFCV,FR,Association coopérative inscrite (droit local AlsaceMoselle)
NM07,FR,SA immobiliére d'investissement à directoire
NOI8,FR,Communauté d'agglomération
NQCT,FR,(Autre) Établissement public administratif local
NUMY,FR,SA coopérative artisanale à directoire
OAGA,FR,Régime vieillesse ne dépendant pas du régimegénéral de la Sécurité Sociale
OIQA,FR,Autre organisme professionnel
OLJ1,FR,Syndicat mixte fermé
OSLZ,FR,Société coopérative de banque populaire
OWUN,FR,Communauté de communes
P3J5,FR,Centre communal d'action sociale
P714,FR,Association fonciére de remembrement
PESN,FR,Indivision avec personne morale
PL6V,FR,Établissement public local culturel
PWKL,FR,Congrégation
PZLG,FR,Métropole
Q2A1,FR,Société commerciale étrangére immatriculée au RCS
Q634,FR,Indivision entre personnes physiques
Q8E2,FR,Société en nom collectif coopérative
QCWO,FR,Groupement agricole d'exploitation en commun(GAEC)
QU3G,FR,SA coopérative de production de HLM à conseild'administration
QUB4,FR,Organisme consulaire
QV2O,FR,Société d'exercice libéral à forme anonyme àdirectoire
R0B6,FR,Groupement d'intérêt économique (GIE)
R1JO,FR,Communauté urbaine
R59A,FR,Société en commandite par actions coopérative
R6WQ,FR,Groupement de coopération sanitaire à gestionpublique
RD0Z,FR,Fiducie
RFWH,FR,Groupement foncier et rural
RNJZ,FR,Société de Participations Financiéres de ProfessionLibérale Société en commandite par actions (SPFPLSCA)
RNSB,FR,Société étrangére non immatriculée au RCS
RT39,FR,Société créée de fait avec personne morale
RT6Y,FR,Agent commercial
RWMC,FR,Communauté de villes
S0X8,FR,Caisse de crédit agricole mutuel
S82R,FR,Société de Participations Financiéres de ProfessionLibérale Société par actions simplifiée (SPFPL SAS)
SMZ6,FR,Société de Participations Financiéres de ProfessionLibérale Société anonyme à conseild'administration (SPFPL SA à conseild'administration)
SSHN,FR,Régime d'assurance chômage
SWPX,FR,SA coopérative de transport à conseild'administration
SZ63,FR,Service déconcentré de l'État à compétence (inter)régionale
T25Y,FR,SCP d'avocats
TGRE,FR,Caisse des écoles
TNPO,FR,Exploitant agricole
TOL2,FR,SA nationale à directoire
TPNT,FR,Société européenne
TUE5,FR,Office public d'habitation à loyer modéré (OPHLM)
UFM7,FR,SA coopérative de construction à directoire
UHKH,FR,Société de caution mutuelle
UQRY,FR,Ecole nationale non dotée de la personnalité morale
UUT8,FR,SCP de directeurs de laboratoire d'analyse médicale
UV02,FR,Service central d'un ministére
UZY3,FR,Établissement d'hospitalisation
V1Z5,FR,SARL coopérative ouvriére de production (SCOP)
V5SV,FR,Société civile coopérative d'intérêt maritime
V6G1,FR,Régime maladie des non-salariés non agricoles
V9QP,FR,Société à responsabilité limitée (sans autreindication)
VBC7,FR,Institution Banque de France
VBQP,FR,Société d'investissement à capital variable (SICAV) àdirectoire
VD7Z,FR,Société en commandite simple
VJV5,FR,SARL d'économie mixte
VO18,FR,Établissement public local à caractére industriel oucommercial
VTFS,FR,SARL coopérative artisanale
W3LD,FR,Groupement agricole foncier
W4G1,FR,SARL coopérative de transport
WGCY,FR,Groupement d'employeurs
WXNU,FR,SCP d'huissiers
X78I,FR,Société d'investissement à capital variable (SICAV) àconseil d'administration
XH8C,FR,"Association déclarée, reconnue d'utilité publique"
XK4T,FR,Comité central d'entreprise
XPX6,FR,SA coopérative ouvriére de production (SCOP) àconseil d'administration
XQBA,FR,Société en participation avec personne morale
Y1W1,FR,Section de commune
Y4VA,FR,Département
Y7G8,FR,Caisse locale de crédit mutuel
Y8WC,FR,Groupement de coopération sanitaire à gestionprivée
YADL,FR,Autorité administrative indépendante
YHI5,FR,Pôle métropolitain
YJM5,FR,Officier public ou ministériel
YUCL,FR,Institution de retraite complémentaire
YX4E,FR,Société civile de placement collectif immobilier(SCPI)
Z0JP,FR,Établissement public national à caractére industrielou commercial non doté d'un comptable public
Z2FQ,FR,Groupement d'intérêt public (GIP)
Z5WG,FR,Groupement pastoral
Z9K8,FR,Association d'avocats à responsabilitéprofessionnelle individuelle
ZECH,FR,Syndicat mixte ouvert
ZM5P,FR,SA d'économie mixte à directoire
ZPEZ,FR,Association syndicale libre
ZQ9B,FR,Exploitant public
ZQIT,FR,SA coopérative de consommation à directoire
ZXHJ,FR,Société d'exercice libéral à forme anonyme àconseil d'administration
ZZ0X,FR,Établissement public des cultes d'Alsace-Lorraine
13AV,DE,Versicherungsverein auf Gegenseitigkeit
2HBR,DE,Gesellschaft mit beschränkter Haftung
2YZO,DE,Partnerschaftsgesellschaft mit beschränkterBerufshaftung
40DB,DE,Offene Handelsgesellschaft
63KS,DE,Unternehmergesellschaft
6QQB,DE,Aktiengesellschaft
8CM0,DE,Partnerschaftsgesellschaft
8Z6G,DE,Kommanditgesellschaft
JNDX,DE,Europäische wirtschaftliche Interessenvereinigung
OL20,DE,eingetragener Kaufmann
QZ3L,DE,eingetragener Verein
SGST,DE,Europäische Aktiengesellschaft
SUA1,DE,Europäische Genossenschaft
T0YJ,DE,Kommanditgesellschaft auf Aktien
US8E,DE,Genossenschaft
4HD1,GH,Sole Proprietorship
56NA,GH,Private Limited By Share
I0X7,GH,Private Unlimited By Share
J5RC,GH,Private Limited By Guarantee
PH5T,GH,Public Unlimited Company
T69Z,GH,External Company
VBJW,GH,Public Limited Company
W9ZD,GH,Public Limited By Guarantee
WP5I,GH,Partnership
XWPT,GH,Subsidiary Business Name
7U4R,GI,European Economic Interest Groupings
CB98,GI,Foundations
GCCT,GI,Limited Liability Partnerships
M4TI,GI,Societe Europeas
QFLH,GI,Private Limited by Guarantee
TKPE,GI,Private Trust Company
UUYB,GI,Public Limited Company
VJRL,GI,Private Unlimited Company
WBKH,GI,Private Limited Company
Y8CL,GI,Limited Partnerships
3RHO,GR,Naftiki eteria
54AL,GR,Eterórithmi Etería
CQ5X,GR,Εvropaiki Εtaireia
H6OR,GR,Etería Periorisménis Euthínis
HKVP,GR,Astiki (Proswpiki) Eteria
J3VJ,GR,Sinetairismos
JYKN,GR,Lipa'
L6IY,GR,Nomika Prosopa Dimosiou Dikeou
L8D6,GR,Afanis Eteria
MCWR,GR,Kinopraxia
QCA0,GR,Idiotiki kefaleouhiki Eteria
QSYQ,GR,Somatia - Idrimata
TIZ2,GR,Omórithmi Etería
UCU5,GR,Εterorrythmi kata metoches etaireia
VKSR,GR,Simplioktisia
W2NK,GR,Anónimi Etería
9XFK,GG,Foundation
BVOE,GG,Limited Company
Q49K,GG,Limited Liability Partnership
UO3D,GG,Limited Partnertship
254M,HK,Private company limited by shares
85VD,HK,Registered trustee
E1SE,HK,Entity established by Ordinance
EPG7,HK,Public company limited by shares
KSUS,HK,Non-Hong Kong company
N3VO,HK,Public unlimited company with a share capital
S2E3,HK,Company limited by guarantee
UDG6,HK,Private unlimited company with a share capital
XPE5,HK,Limited partnership
254M,HK,Si ren gu fen you xian gong si
85VD,HK,zhu ce shou tuo ren
E1SE,HK,gen ju fa li cheng li de shi yan
EPG7,HK,Gong zhong gu fen you xian gong si
KSUS,HK,fei xiang gang gong si
N3VO,HK,You gu ben de gong zhong wu xian gong si
S2E3,HK,Dan bao you xian gong si
UDG6,HK,You gu ben de si ren wu xian gong si
XPE5,HK,you xian ze ren he huo
4WV7,HU,Egyéb köztestület
876R,HU,Egyéb egyesület
8UEG,HU,nyilvánosan működő részvénytársaság
8VH3,HU,Befektetési alap
995K,HU,Magánnyugdíjpénztár
BKUX,HU,zártkörűen működő részvénytársaság
BMYJ,HU,Egyéb alapítvány
DN6F,HU,Kölcsönös biztosító egyesület
DPY1,HU,Egyéb szövetkezet
EO9F,HU,Részvénytársaság
HTJD,HU,Közhasznú társaság
J6MO,HU,Közkereseti társaság
M1DW,HU,Önkéntes kölcsönös biztosítópénztár
NZAI,HU,Külföldi székhelyű vállalkozás kereskedelmiképviselete
P9F2,HU,Korlátolt felelősségű társaság
S3DA,HU,Betéti társaság
TQ3O,HU,"Egyéb, máshova nem sorolt jogi személyiségűvállalkozás"
TSVO,HU,Szövetség (kivéve sportszövetség)
UD8K,HU,Külföldi székhelyű vállalkozás fióktelepe
X0SX,HU,Takarék- és hitelszövetkezet
XW5U,HU,európai részvénytársaság
Y64R,HU,Országos betétbiztosítási alap
2OJP,IS,Samlagshlutafélag
8T79,IS,Samlagsfélag
CMHQ,IS,Evrópufélag
E4KB,IS,Hlutafélag
M8SS,IS,Einkahlutafélag
2GV9,IE,Irish Collective Asset-management Vehicle
363J,IE,European Economic Interest Grouping
54SK,IE,Friendly Society
5AX8,IE,Designated Activity Company Limited by Guarantee(DAC) – (limited by guarantee)
9BPE,IE,Credit Union
C58S,IE,Company Limited by Guarantee
DWS3,IE,General Partnership
FF1D,IE,Public Unlimited Company that has no share capital
HNJK,IE,Limited Partnership
JXDX,IE,Societas Europaea
KMFX,IE,Private Unlimited Company
LGWG,IE,Designated Activity Company (DAC) – (limited byshares)
LMIM,IE,Limited company
LZIC,IE,Investment Limited Partnership
MNQ7,IE,Private Company Limited by Shares (LTD company)
URQH,IE,Public Unlimited Company
ZJS8,IE,Industrial and Provident Society
VYAX,IE,Public Limited Company
5AX8,IE,Cuideachta Ghníomhaíochta Ainmnithe
C58S,IE,Cuideachta faoi Theorainn Ráthaíochta
FF1D,IE,Cuideachta Neamhtheoranta
KMFX,IE,Cuideachta Neamhtheoranta
LGWG,IE,Cuideachta Ghníomhaíochta Ainmnithe
LMIM,IE,Teoranta
LZIC,IE,comhpháirtíocht theoranta infheistíochta
MNQ7,IE,Teoranta
URQH,IE,Cuideachta Neamhtheoranta
VYAX,IE,Cuideachta Phoiblí Theoranta
1G26,IM,Public Limited by Guarantee and not having a ShareCapital (1931 Act)
5ABK,IM,Unlimited with Shares (2006 Act)
CDXK,IM,Limited Liability Company
EMLA,IM,Limited Partnership - without Legal Personality
FI4M,IM,Industrial and Building Society
FMPL,IM,Private Limited by Guarantee and not having aShare Capital (1931 Act)
G4V6,IM,Public Unlimited and having a Share Capital (1931Act)
JHC4,IM,Foundation
M44Y,IM,Limited by Shares and by Guarantee (2006 Act)
OESH,IM,Public Limited by Guarantee and having a ShareCapital (1931 Act)
QZTT,IM,Private Limited by shares (1931 Act)
SAI8,IM,Private Unlimited and having a Share Capital (1931Act)
SP9F,IM,Limited by Guarantee (2006 Act)
TE79,IM,Limited Partnership - with Legal Personality
TQ3Z,IM,Limited by Shares (2006 Act)
TV5P,IM,Unlimited without Shares (2006 Act)
VC3E,IM,Private Limited by Guarantee and having a ShareCapital (1931 Act)
ZGPY,IM,Public Limited by Shares (1931 Act)
135L,IT,Societa' Costituita In Base A Leggi Di Altro Stato
2SZI,IT,Ente Sociale
2XXH,IT,Societa' Semplice
5ODO,IT,Ente Diritto Pubblico
634M,IT,Gruppo Europeo Di Interesse Economico
70X0,IT,Fondazione Impresa
8GU1,IT,Societa' A Responsabilita' Limitata Semplificata
9KGS,IT,Societa' Cooperativa Europea
BL52,IT,Societa' Consortile A Responsabilita' Limitata
DCRK,IT,Consorzio Fidi
DSSD,IT,Azienda Autonoma Statale
HN75,IT,Consorzio
K021,IT,Contratto Di Rete Dotato Di Soggettivita' Giuridica
KCHO,IT,Azienda Speciale Di Cui Al Dlgs 267/2000
KCSG,IT,Ente Impresa
LHBB,IT,Impresa Individuale
LZZD,IT,Societa' Consortile Per Azioni
NDEW,IT,Societa' Consortile Cooperativa
OV32,IT,Societa' A Responsabilita' Limitata
P418,IT,Societa' Per Azioni
QRZJ,IT,Societa' Cooperativa
T2X1,IT,Societa' In Nome Collettivo
VA1V,IT,Societa' Di Mutuo Soccorso
VDRB,IT,Consorzio Municipale
VUPE,IT,Societa' Europea
W9SC,IT,Mutua Assicurazione
X62Z,IT,Consorzio Di Cui Alla Dlgs 267/2000
ZG6S,IT,Ente Pubblico Economico
ZZOG,IT,Societa' Tra Professionisti
21F4,JE,Separate Limited Partnerships
33IP,JE,Incorporated Limited Partnerships
40A7,JE,Foundation
7RZH,JE,Limited Liability Partnership
JOX1,JE,Public Limited Company
LO9A,JE,Private Limited by Guarantee
SQXV,JE,Private Limited Company
UBWU,JE,Limited Partnership
1IPK,LV,Komandītsabiedrība
3LCY,LV,Pilnsabiedrība
AZTM,LV,Eiropas komercsabiedrība
BS22,LV,Individuālais komersants
ES2D,LV,Sabiedrība ar ierobežotu atbildību
VJBO,LV,Akciju sabiedrība
1DGT,LI,Treuunternehmen
1SOY,LI,Europäische Genossenschaft
32HC,LI,Verein
7RRP,LI,Aktiengesellschaft
ANSR,LI,Kommanditgesellschaft
BSZ8,LI,Stiftung
IF49,LI,Genossenschaft
K98U,LI,Europäische Wirtschaftliche Interessenvereinigung
NDID,LI,Kollektivgesellschaft
TMU1,LI,Anstalt
WAK8,LI,Europäische Gesellschaft
Y8LH,LI,Gesellschaft mit beschränkter Haftung
13T9,LT,Europos bendrovės
4ZF3,LT,Valstybės įmonės
5BY2,LT,Europos kooperatinės bendrovės
5CIE,LT,Advokatų profesinės bendrijos
5TA8,LT,Šeimynos
6JDN,LT,Profesinės sąjungos ir jų susivienijimai
81KA,LT,Akcinės bendrovės
A2GC,LT,"Religines bendruomenes, bendrijos ir centrai"
A338,LT,Individualios įmonės
BGPJ,LT,Europos ekonominių interesų grupės
BPLS,LT,Uždarosios akcinės bendrovės
DLCX,LT,Tikrosios ūkinės bendrijos
E4HU,LT,"Lietuvos prekybos, pramonės ir amatų rūmųasociacija"
F2TQ,LT,Tradicinės religinės bendruomenės ar bendrijos
F2ZF,LT,Asociacijos
HGMH,LT,Labdaros ir paramos fondai
HJ1Y,LT,Bendrijos
K4GR,LT,Biudžetinės įstaigos
KWBA,LT,Viešosios įstaigos
LUGM,LT,Kooperatinės bendrovės (kooperatyvai)
LUOA,LT,Komanditinės ūkinės bendrijos
NVPY,LT,Privačių detektyvų bendrijos
Q4A3,LT,"Prekybos, pramonės ir amatų rūmai"
Q8UI,LT,Nuolatinės arbitražo institucijos
QG9Y,LT,Sodininkų bendrijos
QRXD,LT,Europos teritorinio bendradarbiavimo grupės
SFK9,LT,Bendras valdymo ir pranešimų centras
SFYA,LT,Mažosios bendrijos
UHNL,LT,Žemės ūkio bendrovės
WQRG,LT,Centrinis bankas
X8J8,LT,Politinės partijos
YRXK,LT,Savivaldybių įmonės
2IGL,LU,Entreprise individuelle
2JEI,LU,Association sans but lucratif
2S2U,LU,Association d'épargne pension
5DWL,LU,Association momentanée
5GGB,LU,Société anonyme
63P9,LU,Société en commandite simple
68J6,LU,Association agricole
81G5,LU,Société en commandite par actions
9C91,LU,Société d’épargne-pension à capital variable
ATQY,LU,Société en nom collectif
BEAN,LU,Société d'investissement à capital fixe
BKAB,LU,Association d'assurances mutuelles
DVXS,LU,Société à responsabilité limitée
JIWD,LU,Autres personnes morales dont l'immatriculationest prévue par l'article 1 de la loi modifiée du 19décembre 2002 concernant le registre decommerce et des sociétésdes entreprises
LCR0,LU,Groupement d'intérêt économique
SQ1A,LU,Société civile
U8KA,LU,Société en commandite spéciale
UDY2,LU,Société d'investissement à capital variable
V19Y,LU,Fondation
V5OS,LU,Société coopérative
WCEP,LU,société européenne
ZFFA,LU,Etablissement public
BVJ0,MT,Partnership en commendite or limited partnership
C061,MT,Public Limited Liability Company
CR7N,MT,European Company
JOZN,MT,Partnership en nom collectif
V89C,MT,Private Limited Liability Company
YB0U,MT,European Economic Interest Grouping
BVJ0,MT,Soċjetà in akkomandita jew soċjetà limitata
C061,MT,kumpanija pubblika
CR7N,MT,Societas Europaea
JOZN,MT,soċjetà f’isem kollettiv
V89C,MT,kumpanija privata
4AJY,MU,Business
6M6Z,MU,Public Companies Limited By Guarantee
AOS4,MU,Private Companies Limited By Guarantee
B0LD,MU,Ministries And Parastal Bodies
BVPF,MU,Cooperatives
G7H0,MU,Private Companies
J76S,MU,Limited Partnerships
JWWT,MU,Foundations
RJYT,MU,Trade Unions
RTVE,MU,Limited Liability Partnerships
S2J1,MU,Others
XXCZ,MU,Public Companies
ZTUI,MU,Associations
O786,MU,Société
33MN,NL,vereniging
4QXM,NL,eenmanszaak
54M6,NL,besloten vennootschap met beperkteaansprakelijkheid
5WU6,NL,Europees Economisch Samenwerkingsverband
62Y3,NL,vennootschap onder firma
9AAK,NL,maatschap
A0W7,NL,publiekrechtelijke rechtspersoon
B5PM,NL,naamloze vennootschap
BBEB,NL,Europese naamloze vennootschap (SocietasEuropaea)
CODH,NL,commanditaire vennootschap
DEO1,NL,onderlinge waarborgmaatschappij
EZQW,NL,rechtspersoon in oprichting
GNXT,NL,vereniging van eigenaars
JHK5,NL,fonds voor gemene rekening
L7HX,NL,kerkgenootschap
NFFH,NL,coöperatie
UNJ2,NL,rederij
V44D,NL,stichting
Y3ZB,NL,Societas Cooperativa Europaea
4LEA,NZ,Unlimited Liability Company
F7KI,NZ,Limited Partnership
P2R9,NZ,Limited Liability Company
Z6ZU,NZ,Cooperative Company
326Y,NO,Ansvarlig selskap
3C7U,NO,Stiftelse
3L58,NO,Kommunalt foretak
4ZRR,NO,Norskregistrert utenlandsk foretak
50TD,NO,Statsforetak
5ZTZ,NO,Fylkeskommunalt foretak
8S9H,NO,Gjensidig forsikringsselskap
9DI1,NO,Boligbyggelag
AEV1,NO,Partsrederi
BJ65,NO,Pensjonskasse
CF5L,NO,"Ansvarlig selskap, delt ansvar"
DRPL,NO,Europeisk økonomisk foretaksgruppe
EXD7,NO,Enkeltpersonforetak
FSBD,NO,Forening/lag/innretning (eller bare forening?)
GYY6,NO,Annen juridisk person
IQGE,NO,Allmennaksjeselskap
K5P8,NO,Samvirkeforetak
LJJW,NO,Verdipapirfond
M9IQ,NO,Kommandittselskap
O0EU,NO,Borettslag
O7LB,NO,Europeisk samvirkeforetak
PB3V,NO,Konkursbo
Q0Q1,NO,Selskap med begrenset ansvar
R71C,NO,Sparebank
V06W,NO,Europeisk selskap
YI42,NO,Aksjeselskap
YTMC,NO,Interkommunalt selskap
ZQ0Q,NO,Eierseksjonssameie
4XMS,PK,Private Limited Company(multi member)
7IYW,PK,Company Limited by Guarantee( having sharecapital)
88OX,PK,Private Limited Company(Single member)
QR25,PK,Company Limited by Guarantee( without sharecapital)
RKYF,PK,Public Limited Company(unlisted)
VQV6,PK,Public Limited Company (listed)
XBK3,PK,Limited Liability Partnership
LH0Q,PK,Unlimited Company
MOI8,PK,Public Limited Company(not-for profit association)
13ZV,PL,samodzielne publiczne zakłady opieki zdrowotnej
3BJG,PL,spółki partnerskie
5F76,PL,"cechy i izby rzemieślnicze, izby gospodarcze"
60BG,PL,"organy władzy, administracji rządowej, kontrolipaństwowej i ochrony prawa oraz sądy i trybunały"
629I,PL,spółki jawne
6LUM,PL,główny oddział zagranicznego zakładu reasekuracji
6OYI,PL,zrzeszenia
8TOF,PL,spółdzielnie
96XK,PL,fundacje
AL9T,PL,samorządowe jednostki organizacyjne
BSJT,PL,spółki komandytowe
CY1M,PL,instytucje gospodarki budżetowej
EU0T,PL,towarzystwa reasekuracji wzajemnej
F21U,PL,Skarb Państwa
FANM,PL,kółka rolnicze
FJ0E,PL,spółki akcyjne
FQ5Y,PL,organizacje społeczne i zawodowe
GZE5,PL,wspólnoty mieszkaniowe
H7OD,PL,spółdzielcze kasy oszczędnościowo-kredytowe
HOT8,PL,partie polityczne
J3A3,PL,spółka europejska
JCKO,PL,państwowe jednostki organizacyjne
KM66,PL,instytuty badawcze
LT9U,PL,związki zawodowe
O7XB,PL,spółki z ograniczoną odpowiedzialnością
OMX0,PL,spółki komandytowo - akcyjne
P1L1,PL,główny oddział zagranicznego zakładu ubezpieczeń
QUX1,PL,otwarte fundusze emerytalne
QYL4,PL,placówki systemu oświaty
RBHP,PL,fundusze inwestycyjne
RUCO,PL,oddział przedsiębiorcy zagranicznego
SMIS,PL,przedsiębiorstwa państwowe
SP4S,PL,kościoły i związki wyznaniowe
SVA3,PL,fundusze inne niż inwestycyjne i inne niż otwartefundusze emerytalne
T7PB,PL,wspólnoty samorządowe
WNX1,PL,towarzystwa ubezpieczeń wzajemnych
WOK7,PL,związki inne niż zawodowe
WUJ2,PL,uczelnie
YLZL,PL,spółki cywilne
ZVVM,PL,osoby fizyczne prowadzące działalność gospodarczą
ZZKE,PL,stowarzyszenia i związki stowarzyszeń
IKBN,PT,Trust
Z7ZX,PT,Sucursal Financeira Exterior
1HGD,PT,Cooperativa
5KVH,PT,Cooperativa de 2o Grau
68PD,PT,Representação Permanente
6IK8,PT,Entidade Empresarial Intermunicipal
6L6P,PT,Fundo
99JD,PT,Agrupamento Europeu de Interesse Económico
A8CT,PT,Entidade Pública Empresarial
ALPT,PT,Associação
D7OA,PT,Entidade Empresarial Municipal
DFE5,PT,Sociedade Anónima
IX01,PT,Empresa Intermunicipal
KUUV,PT,Organismo da Administração Pública
MFHR,PT,Sociedade Anónima Europeia
N66B,PT,Sociedade em Nome Coletivo
NIQY,PT,Entidade Empresarial Metropolitana
OXUC,PT,Sociedade em Comandita
P5S3,PT,Pessoa Coletiva de Direito Público
PIDC,PT,Empresa Municipal
QFXD,PT,Pessoa Coletiva Internacional
USOG,PT,Sociedade por Quotas
VF4C,PT,Sociedade Unipessoal por Quotas
W9W3,PT,Sociedade Anónima Desportiva
XD16,PT,Empresa Metropolitana
XMXM,PT,Fundo
YMLD,PT,Agrupamento Complementar de Empresas
Z0NE,PT,Fundação
ZILA,PT,Estabelecimento Individual de ResponsabilidadeLimitada
ZSWE,PT,Empresa Regional
149O,MK,Komanditno drustvo so akcii
DTIU,MK,Akcionersko drustvo
HEXO,MK,Javno trgovsko pretprijatie
JCK1,MK,Stopanska interesna zaednica
KHAB,MK,Drustvo so ogranicena odgvornost
KXDY,MK,"Podruznica na stransko trgovsko drustvo, odnosnona stranski trgovec poedinec"
VPFY,MK,Trgovec poedinec
XH7Z,MK,Komanditno drustvo
1CDX,RO,Societate europeană
37II,RO,Cooperativă meșteșugărească
4V0A,RO,Grupul european de interes economic
5NCK,RO,Organizație non-guvernamentală
7B9H,RO,Societate cooperativă
7W9B,RO,Organizații cooperatiste de credit și casele centraleale acestora
85K5,RO,Reprezentanta
8FD2,RO,Cooperativă de consum
AI01,RO,Persoana fizica independentă
ANDT,RO,Societate pe acţiuni
CTBD,RO,Alte forme de proprietate
CUGP,RO,Regie autonomă
DUGD,RO,Intreprindere individuala
EFBR,RO,Grupul de interes economic
F0BK,RO,Societate agricolă
F68H,RO,Societate în nume colectiv
FJQ8,RO,Persoana fizica autorizata
GT4V,RO,Cooperativă de credit
I15K,RO,Cooperativă agricolă
I9BB,RO,Sucursala
NFRJ,RO,Reprezentant fiscal
SWMK,RO,Societate în comandită pe acţiuni
TH8A,RO,Asociatie familiala
UWEE,RO,Societate Cooperativă Europeană
V0FL,RO,Societate în comandită simplă
XHN1,RO,Societate cu răspundere limitată
15A2,RU,"Ob""yedineniya (assotsiatsii i soyuzy)blagotvoritel'nykh organizatsiy"
17R7,RU,Obshchestva s ogranichennoy otvetstvennost'yu
1MJ0,RU,Krest'yanskiye (fermerskiye) khozyaystva
1RJ2,RU,Avtonomnyye nekommercheskiye organizatsii
1U7Y,RU,Blagotvoritel'nyye uchrezhdeniya
24TU,RU,"Soyuzy (assotsiatsii) obshchestvennykhob""yedineniy"
2H36,RU,Soyuzy (assotsiatsii) kooperativov
2OTW,RU,Munitsipal'nyye avtonomnyye uchrezhdeniya
2R46,RU,Tovarishchestva sobstvennikov zhil'ya
37YG,RU,Federal'nyye kazennyye predpriyatiya
3AMJ,RU,Sel'skokhozyaystvennyye proizvodstvennyyekooperativy
3EAX,RU,Proizvodstvennyye kooperativy (kromesel'skokhozyaystvennykh proizvodstvennykhkooperativov)
3F98,RU,Uchrezhdeniya
3TOV,RU,Profsoyuznyye organizatsii
3U8X,RU,"Prochiye yuridicheskiye litsa, yavlyayushchiyesyakommercheskimi organizatsiyami"
4PZX,RU,"Uchrezhdeniya, sozdannyye sub""yektom RossiyskoyFederatsii"
4TYO,RU,Publichnyye aktsionernyye obshchestva
4VTZ,RU,Assotsiatsii (soyuzy)
5VMR,RU,"Advokaty, uchredivshiye advokatskiy kabinet"
6H83,RU,Sel'skokhozyaystvennyye potrebitel'skiyezhivotnovodcheskiye kooperativy
8B9A,RU,Zhilishchnyye ili zhilishchno-stroitel'nyyekooperativy
8JWV,RU,Gosudarstvennyye akademii nauk
8MQM,RU,"Gosudarstvennyye byudzhetnyye uchrezhdeniyasub""yektov Rossiyskoy Federatsii"
8NF7,RU,Federal'nyye gosudarstvennyye byudzhetnyyeuchrezhdeniya
8NZE,RU,"Sadovodcheskiye, ogorodnicheskiye ili dachnyyepotrebitel'skiye kooperativy"
8RIH,RU,Publichno-pravovyye kompanii
8XDD,RU,"Sovety munitsipal'nykh obrazovaniy sub""yektovRossiyskoy Federatsii"
9RQZ,RU,"Gosudarstvennyye unitarnyye predpriyatiyasub""yektov Rossiyskoy Federatsii"
AS78,RU,Advokatskiye byuro
B5GH,RU,"Kazach'i obshchestva, vnesennyye vgosudarstvennyy reyestr kazach'ikh obshchestv vRossiyskoy Federatsii"
BLVV,RU,Kreditnyye potrebitel'skiye kooperativy
BQ3A,RU,Garazhnyye i garazhno-stroitel'nyye kooperativy
BZQL,RU,Organizatsionno-pravovyye formy dlyadeyatel'nosti grazhdan (fizicheskikh lits)
C3RQ,RU,"Organizatsionno-pravovyyу formy yuridicheskikhlits, yavlyayushchikhsya kommercheskimikorporativnymi organizatsiyami"
C7TI,RU,"Assotsiatsii (soyuzy) sadovodcheskikh,ogorodnicheskikh i dachnykh nekommercheskikhob""yedineniy"
CKTA,RU,Nekommercheskiye partnerstva
CN7I,RU,Fondy prokata
D094,RU,Ekologicheskiye fondy
D84J,RU,Obshchestvennyye organizatsii
DO25,RU,Gosudarstvennyye kompanii
DZSY,RU,"Kazennyye predpriyatiya sub""yektov RossiyskoyFederatsii"
E0VI,RU,Gosudarstvennyye korporatsii
EH3M,RU,Obshchestvennyye fondy
EWQF,RU,Organizatsionno-pravovyye formy dlyakommercheskoy deyatel'nosti grazhdan
FWGK,RU,Munitsipal'nyye byudzhetnyye uchrezhdeniya
FZKX,RU,Proizvodstvennyye kooperativy (arteli)
G2CW,RU,Territorial'nyye obshchestvennyye samoupravleniya
GHC5,RU,Sel'skokhozyaystvennyye potrebitel'skiyeogorodnicheskiye kooperativy
GQRJ,RU,"Uchrezhdeniya, sozdannyye Rossiyskoy Federatsiyey"
GWHK,RU,Obshchiny korennykh malochislennykh narodovRossiyskoy Federatsii
GZF9,RU,Strukturnyye podrazdeleniya obosoblennykhpodrazdeleniy yuridicheskikh lits
H2AF,RU,Tovarishchestva sobstvennikov nedvizhimosti
H2P4,RU,Kreditnyye kooperativy vtorogo urovnya
H4NY,RU,Advokatskiye palaty
HKKL,RU,Federal'nyye gosudarstvennyye avtonomnyyeuchrezhdeniya
HUET,RU,Religioznyye organizatsii
HUR1,RU,Sel'skokhozyaystvennyye potrebitel'skiyeobsluzhivayushchiye kooperativy
I9O1,RU,Sel'skokhozyaystvennyye potrebitel'skiyepererabatyvayushchiye kooperativy
I9V2,RU,"Organizatsionno-pravovyye formy yuridicheskikhlits, yavlyayushchikhsya nekommercheskimiunitarnymi organizatsiyami"
IBSS,RU,Sel'skokhozyaystvennyye potrebitel'skiyesnabzhencheskiye kooperativy
IC46,RU,Sel'skokhozyaystvennyye arteli (kolkhozy)
ILY0,RU,Samoreguliruyemyye organizatsii
J18N,RU,Tovarishchestva na vere (kommanditnyyetovarishchestva)
J7NW,RU,Prostyye tovarishchestva
JPMQ,RU,"Organizatsionno-pravovyye formy organizatsiy,sozdannykh bez prav yuridicheskogo litsa"
JZBN,RU,Nepublichnyye aktsionernyye obshchestva
KLA2,RU,Khozyaystvennyye tovarishchestva
KOYR,RU,Glavy krest'yanskikh (fermerskikh) khozyaystv
KVSH,RU,Organy obshchestvennoy samodeyatel'nosti
KZC6,RU,Fondy
LLL8,RU,Otdeleniya inostrannykh nekommercheskikhnepravitel'stvennykh organizatsiy
LYTH,RU,Blagotvoritel'nyye fondy
MG22,RU,"Gosudarstvennyye avtonomnyye uchrezhdeniyasub""yektov Rossiyskoy Federatsii"
MV1C,RU,Potrebitel'skiye obshchestva
MVSF,RU,"Ob""yedineniya fermerskikh khozyaystv"
NRK9,RU,Obshchestvennyye uchrezhdeniya
NZ85,RU,Politicheskiye partii
O1KO,RU,Sel'skokhozyaystvennyye potrebitel'skiye sbytovyye(torgovyye) kooperativy
OCIS,RU,Federal'nyye gosudarstvennyye unitarnyyepredpriyatiya
OPLQ,RU,Predstavitel'stva yuridicheskikh lits
OVLN,RU,"Unitarnyye predpriyatiya, osnovannyye na praveoperativnogo upravleniya (kazennyye predpriyatiya)"
P9CF,RU,Individual'nyye predprinimateli
PA5X,RU,"Assotsiatsii (soyuzy) ekonomicheskogovzaimodeystviya sub""yektov Rossiyskoy Federatsii"
PDYW,RU,Sel'skokhozyaystvennyye potrebitel'skiyesadovodcheskiye kooperativy
PJRZ,RU,Notarial'nyye palaty
Q9FA,RU,Mezhpravitel'stvennyye mezhdunarodnyyeorganizatsii
QCRH,RU,Khozyaystvennyye obshchestva
QFGM,RU,Potrebitel'skiye kooperativy
QKFU,RU,"Uchrezhdeniya, sozdannyye munitsipal'nymobrazovaniyem (munitsipal'nyye uchrezhdeniya)"
QMEH,RU,Obshchestva vzaimnogo strakhovaniya
QQS1,RU,"Organizatsionno-pravovyye formymezhdunarodnykh organizatsiy,osushchestvlyayushchikh deyatel'nost' na territoriirossiyskoy federatsii"
QSXT,RU,"Notariusy, zanimayushchiyesya chastnoy praktikoy"
QUMQ,RU,"Unitarnyye predpriyatiya, osnovannyye na pravekhozyaystvennogo vedeniya"
R71T,RU,Aktsionernyye obshchestva
RJUK,RU,"Sadovodcheskiye, ogorodnicheskiye ili dachnyyenekommercheskiye tovarishchestva"
SDVV,RU,"Ob""yedineniya rabotodateley"
SIPP,RU,"Organizatsionno-pravovyye formy dlyadeyatel'nosti grazhdan, ne otnesennoy kpredprinimatel'stvu"
TLDB,RU,Soyuzy potrebitel'skikh obshchestv
TMIG,RU,Federal'nyye gosudarstvennyye kazennyyeuchrezhdeniya
UTBN,RU,Kollegii advokatov
UY49,RU,"Rayonnyye sudy, gorodskiye sudy, mezhrayonnyyesudy (rayonnyye sudy)"
VA0A,RU,Rybolovetskiye arteli (kolkhozy)
VAB6,RU,Obosoblennyye podrazdeleniya yuridicheskikh lits
VE1P,RU,"Organizatsionno-pravovyye formy yuridicheskikhlits, yavlyayushchikhsya nekommercheskimikorporativnymi organizatsiyami"
VEOU,RU,Unitarnyye predpriyatiya
VEX5,RU,Munitsipal'nyye kazennyye uchrezhdeniya
VIGZ,RU,Filialy yuridicheskikh lits
VOUU,RU,"Organizatsionno-pravovyye formy yuridicheskikhlits, yavlyayushchikhsya kommercheskimiunitarnymi organizatsiyami"
WJXS,RU,Zhilishchnyye nakopitel'nyye kooperativy
WYNO,RU,Soyuzy (assotsiatsii) kreditnykh kooperativov
XBRI,RU,Nepravitel'stvennyye mezhdunarodnyye organizatsii
XIGI,RU,Munitsipal'nyye kazennyye predpriyatiya
XINV,RU,Kooperativnyye khozyaystva (koopkhozy)
XJJR,RU,Soyuzy (assotsiatsii) obshchin malochislennykhnarodov
XNKN,RU,Kreditnyye potrebitel'skiye kooperativy grazhdan
YA7H,RU,Chastnyye uchrezhdeniya
YGHZ,RU,Payevyye investitsionnyye fondy
YJ6A,RU,Obshchestvennyye dvizheniya
Z2AQ,RU,Negosudarstvennyye pensionnyye fondy
Z3SH,RU,Munitsipal'nyye unitarnyye predpriyatiya
Z3Y0,RU,"Sadovodcheskiye, ogorodnicheskiye ili dachnyyenekommercheskiye partnerstva"
ZGYA,RU,Torgovo-promyshlennyye palaty
ZH3O,RU,Khozyaystvennyye partnerstva
ZKAF,RU,Polnyye tovarishchestva
ZNHF,RU,"Gosudarstvennyye kazennyye uchrezhdeniyasub""yektov Rossiyskoy Federatsii"
1RPE,WS,Charitable trust
7WL9,WS,Public limited company
BCM3,WS,Credit Union
M6YY,WS,Private limited company
QWFD,WS,Overseas company
SXY3,WS,Incorporated society
TOMA,WS,Co-operative society
6UPM,RS,Zadružni savez
73PZ,RS,Komanditno društvo
88TX,RS,Društveno preduzeće
9O67,RS,Preduzetnik
DEF6,RS,Javno preduzeće
E7W8,RS,Zadruga
KIU5,RS,Društvo sa ograničenom odgovornošću
YVPW,RS,Akcionarsko društvo
ZPOY,RS,Ortačko društvo
17FJ,SG,Limited Partnership
2PHU,SG,Business
5SGV,SG,Limited Liability Partnership
KEMH,SG,Company (Foreign Branch)
LWXI,SG,Company (Local)
14NU,SK,Rozpočtové a príspevkové organizácie
189Q,SK,Špecializovaná organizačná jednotka ČSD
1CSW,SK,Obecný podnik
1GLU,SK,Jednotka železničného správneho úradu
1HEP,SK,Rozpočtová organizácia
1K73,SK,"Zahraničná osoba, právnická osoba so sídlom mimoúzemia SR"
1W8B,SK,Zahraničná osoba
2EEG,SK,Akciová spoločnosť
2KMA,SK,Štátny podnik v oddieli Pšn
2XNE,SK,Komoditná burza
3P3W,SK,Družstevný podnik (s jedným zakladateľom)
43MZ,SK,Príspevková organizácia
46CD,SK,Pobočka sporiteľne
4CKX,SK,Krajský úrad
4GX1,SK,Národný výbor
5AM3,SK,Zastupiteľské orgány iných štátov
5J5Y,SK,Verejná obchodná spoločnosť
5YBL,SK,Stavovská organizácia - profesná komora
5Z8W,SK,Samostatne hospodáriaci roľník zapísaný vobchodnom registri
6R72,SK,Samostatne hospodáriaci roľník nezapísaný vobchodnom registri
72R7,SK,Stredná škola
73MQ,SK,Samosprávny kraj (úrad samosprávneho kraja)
7EG2,SK,Fondy
7O89,SK,Európske družstvo
7QSE,SK,Zastúpenie zahraničnej právnickej osoby
8KHD,SK,Jednotka zboru ozbrojenej ochrany železníc
8RE3,SK,Družstevný podnik poľnohospodársky
8UE6,SK,"Organizačná jednotka politickej strany, politickéhohnutia"
90YN,SK,Sociálna a zdravotné poisťovne
93WZ,SK,Podnikateľ-fyzická osoba-zapís.v OR-podnikajúcasúčasne ako sam.hosp.roľník
95MS,SK,Slobodné povolanie-fyzická osoba podnikajúca nazáklade iného ako živnostenského zákona
9L9V,SK,Poľnohospodárske družstvo
9NSV,SK,Neinvestičný fond
AGSR,SK,Jednotka štátnej železnično - technickej inšpekcie
BKEB,SK,Oblastný závod poisťovne
BUMI,SK,Európska spoločnosť
C4PZ,SK,Podnikateľ-fyzická osoba-nezapísaný v obchodnomregistri
CS8B,SK,Štátna hospodárska organizácia riadená okresnýmúradom
D18J,SK,Jednoduchá spoločnosť na akcie
DAQC,SK,Základná škola
E1VK,SK,Medzinárodné organizácie a združenia
E4CI,SK,Bytové družstvo
E9SH,SK,"Zahraničná osoba, fyzická osoba s bydliskom mimoúzemia SR"
ED84,SK,Poisťovací spolok
ER02,SK,Organizačná jednotka združenia
F560,SK,Spoločná záujmová organizácia družstiev
FDVU,SK,Fyzická osoba-príležitostne činná-zapísaná v registridaňového informačného systému
FMUC,SK,Iné pracovisko vysokej školy/fakulty
FQRE,SK,Účelová zahranično - obchodná organizácia
GL07,SK,Poisťovňa - akciová spoločnosť
GY5R,SK,Cirkevná organizácia
HZG7,SK,Vysoká škola
HZI2,SK,Banka-štátny peňažný ústav
I7AS,SK,Družstvo
ISCZ,SK,Doplnková dôchodková poisťovňa
IW8Z,SK,Výrobné družstvo
J8DW,SK,Podnik zahraničnej osoby (organizačná zložkapodniku zahraničnej osoby)
JKC5,SK,Podnik alebo hospodárske zariadenie združenia
KB52,SK,Komanditná spoločnosť
KVQU,SK,Združenie medzinárodného obchodu
KWFE,SK,Komora (s výnimkou profesných komôr)
KZ3R,SK,Poisťovňa - štátny podnik
L1M7,SK,Fakulta vysokej školy
L9WT,SK,"Obec (obecný úrad), mesto (mestský úrad)"
MSGT,SK,Slobodné povolanie-fyzická osoba podnikajúca nazáklade iného ako živnostenského zákona zapísanáv obchodnom registri
MY1S,SK,Odštepný závod alebo iná organizačná zložkapodniku zapisujúca sa do obchodného registra
N5MX,SK,Samostatne podnikajúca fyzická osoba
N7I1,SK,Organizačná zložka príspevkovej organizácie sodvodenou právnou subjektivitou
N9QW,SK,Pobočka štátneho peňažného ústavu
NC88,SK,Účelová organizačná jednotka ČSD
NL31,SK,Spoločný podnik (s viacerými zakladateľmi)
NLI7,SK,Sporiteľna
NO20,SK,Zatiaľ neurčené
O0Y2,SK,Nešpecifikovaná právna forma
O7TC,SK,Spoločný podnik
OKAZ,SK,Obecný úrad
P6XJ,SK,Podnik alebo hospodárske zariadenie politickejstrany
PX29,SK,Iná právnicka osoba
QACV,SK,Spotrebné družstvo
QCJ9,SK,Spoločnosť komanditná na akcie
R9GT,SK,Samostatná drobná prevádzkareň obecného úradu
RF3D,SK,"Združenie (zväz, spolok, spoločnosť, klub ai.)"
S5E1,SK,Miestna jednotka bez právnej spôsobilosti
SIRY,SK,Záujmové združenie právnických osôb
SMUS,SK,Záujmové združenie
SPIE,SK,Podnikateľ-fyzická osoba-zapísaný v obchodnomregistri
SQ4I,SK,Podnikateľ-fyzická osoba-nezapís.v OR-podnikajúcasúčasne ako osoba so slobodným povolaním
SQFW,SK,Iné družstvo
STUP,SK,Národná banka Slovenska
SUH3,SK,Záujmová organizácia družstiev
T0KQ,SK,Svojpomocné poľnohospodárske družstvo
TAV3,SK,Iná organizácia verejnej správy
TG3X,SK,Podnikateľ-fyzická osoba-nezapís.v OR-podnikajúcasúčasne ako sam.hosp.roľník
U3QQ,SK,Banka - akciová spoločnosť
U5IM,SK,Železnice SR
U7QK,SK,Nadácia
UCTO,SK,Oblastná organizačná jednotka ČSD
VATN,SK,Európske zoskupenie územnej spolupráce
VRJP,SK,Nezisková organizácia poskytujúca všeobecneprospešné služby
VSC1,SK,"Zahraničné kultúrne, informačné stredisko,rozhlasová, tlačová a televízna agentúra"
VSZS,SK,Spoločnosť s ručením obmedzeným
WQCR,SK,Podnikateľ-fyzická osoba-zapís.v OR-podnikajúcasúčasne ako osoba so slobodným povolaním
XLXU,SK,"Politická strana, politické hnutie"
Y1X5,SK,Štátny podnik
Y45Q,SK,Podnik zahraničného obchodu
YB59,SK,Podnik so zahraničnou majetkovou účasťou
YF99,SK,Verejnoprávna inštitúcia
YGN4,SK,Organizačná zložka podniku
YRIU,SK,Nezisková organizácia
YVE8,SK,Európske zoskupenie hospodárskych záujmov
YVWB,SK,Záujmové združenie fyzických osôb bez právnejspôsobilosti
ZG2I,SK,"Spoločenstvá vlastníkov pozemkov, bytov a pod."
1OR3,SI,delniška družba
4A8T,SI,evropska delniška družba
KBKD,SI,družba z omejeno odgovornostjo
OPDJ,SI,komanditna družba
SD81,SI,družba z neomejeno odgovornostjo
WZ78,SI,komanditna delniška družba
4YUU,ZA,Close Corporation
CXWJ,ZA,Co-operatives (Secondary)
GQVQ,ZA,Private Company
J7L0,ZA,Non-Profit Company
MZT6,ZA,Co-operatives (Primary)
R155,ZA,State Owned Company
R59V,ZA,External Company
U89P,ZA,Personal Liability Company
XE4Z,ZA,Public Company
ZE81,ZA,Co-operatives (Tertiary)
1G29,ES,Sociedad Limitada Laboral (o Sociedad deResponsabilidad Limitada laboral)
1QU8,ES,Sociedad Cooperativa
1SL4,ES,Empresario Individual
1ZHJ,ES,Sociedad Colectiva Profesional (o Sociedad regularcolectiva profesional)
4S57,ES,Caja de Ahorros
5RDO,ES,Sociedad Anonima
7U8O,ES,Sociedades de Inversion Inmobiliaria
956I,ES,Sociedad Limitada de nueva empresa
9FPZ,ES,Sociedad Anonima Europea
A97B,ES,Mutualidad de Prevision Social
AJ9U,ES,Sociedad Anonima Profesional
ARDP,ES,Sociedad Civil Profesional
AXS5,ES,Sociedad de Capital-Riesgo
B0V5,ES,Sociedad Cooperativa Profesional
BI3B,ES,Agrupacion Europea de Interes Economico
CUIH,ES,Mutua
DDES,ES,Sociedad de Capital-Riesgo-Pyme
DP3Q,ES,Sociedad de Responsablidad Limitada
FCJF,ES,Fondo de Inversion en activos del MercadoMonetario
FH4R,ES,Fondo de Pensiones
GJL1,ES,Sociedad Comanditaria por Acciones
GJTL,ES,Sociedad Comanditaria por Acciones Profesional
HRQA,ES,Sociedad Cooperativa Europea
I2WU,ES,Agrupacion de Interes Economico
IAS6,ES,Sociedad de Garantia Reciproca
IT6N,ES,Emprendedor de Responsabilidad Limitada
JB2M,ES,Sociedad Limitada Profesional
JTV5,ES,Fondo de Capital-Riesgo
K0RI,ES,Institucion de Inversion Colectiva
K6L9,ES,Sociedad Civil Profesional
QMUM,ES,Fondos de Inversion Inmobiliaria
R2L8,ES,Sociedad Anonima Laboral
S0Z5,ES,Fondo de Inversion
S6X7,ES,Sociedad Colectiva
SS0L,ES,Cooperativa de Credito
TDD5,ES,Sociedad Comanditaria Simple
UJ35,ES,Fondo de Inversion Mobiliaria
VFIU,ES,Sociedad Comanditaria Simple Profesional
XYGP,ES,Fondo de Capital-Riesgo-Pyme
1TN0,SE,Ideell förening (som bedriver näringsverksamhet)
2UAX,SE,Trossamfund (som bedriver näringsverksamhet)
381R,SE,Medlemsbank
54P7,SE,Europabolag
9YIP,SE,Europakooperativ
AZTO,SE,Sambruksförening
BEAY,SE,Handelsbolag
BYQJ,SE,Bankaktiebolag
C61P,SE,Ekonomisk förening
CX05,SE,Kommanditbolag
G04R,SE,Sparbank
M0Y0,SE,Försäkringsförening
O1QI,SE,Ömsesidigt försäkringsbolag
OJ9I,SE,Försäkringsaktiebolag
PDQ0,SE,Kooperativ hyresrättsförening
RLJO,SE,Europeisk ekonomisk intressegruppering
RYFP,SE,Europeisk gruppering för territoriellt samarbete
SSOM,SE,Bostadsrättsförening
WZDB,SE,Bostadsförening
XJHM,SE,Aktiebolag
1BL5,CH,Ausländische Niederlassung nicht imHandelsregister eingetragen
1RKS,CH,Ausländische öffentliche Verwaltung
2B81,CH,Einfache Gesellschaft
2JZ4,CH,Stiftung
2WFG,CH,Ausländisches öffentliches Unternehmen
2XJA,CH,Verwaltung des Bundes
3EKS,CH,Gesellschaft mit beschränkter Haftung (GmbH)
54WI,CH,Investmentgesellschaft mit festem Kapital (SICAF)
5BEZ,CH,Besondere Rechtsform
7MNN,CH,Institut des öffentlichen Rechts
AZA0,CH,Einzelunternehmen
BF9N,CH,Unternehmen des Bundes
CQMY,CH,Kommanditgesellschaft
DP2E,CH,Internationale Organisation
E0NE,CH,öffentlich-rechtliche Körperschaft (Verwaltung)
FFTN,CH,Verwaltung des Kantons
GP8M,CH,Verwaltung der Gemeinde
H781,CH,Verein
HX77,CH,Unternehmen des Kantons
JB25,CH,Ausländische Niederlassung im Handelsregistereingetragen
KJ9Q,CH,Nichtkaufmännische Prokuren
L5DU,CH,Unternehmen der Gemeinde
M848,CH,öffentlich-rechtliche Körperschaft (Unternehmen)
MRSY,CH,Kollektivgesellschaft
MVII,CH,Aktiengesellschaft
OBFU,CH,Haupt von Gemeinderschaften
QSI2,CH,Genossenschaft
R9TC,CH,Ausländische Unternehmen
TL87,CH,Kommanditgesellschaft fuer kollektiveKapitalanlagen
UNA9,CH,Schweizerische Zweigniederlassung imHandelsregister eingetragen
VPRH,CH,öffentliches Unternehmen des Bezirks
W6A7,CH,Kommanditaktiengesellschaft
XJOT,CH,Investmentgesellschaft mit variablem Kapital(SICAV)
YRGM,CH,Verwaltung des Bezirks
1BL5,CH,Swiss branch of an enterprise domiciled abroad notregistered in the commercial register
1RKS,CH,Foreign public administration (e.g. embassy)
2B81,CH,Simple partnership
2JZ4,CH,Foundation
2WFG,CH,Foreign public company
2XJA,CH,Federal administration
3EKS,CH,Limited liability company
54WI,CH,Investment company with fixed capital
5BEZ,CH,Special legal form
7MNN,CH,Public sector institution
AZA0,CH,Sole proprietorship
BF9N,CH,Federal public company
CQMY,CH,Limited partnership
DP2E,CH,International organisation
E0NE,CH,Public corporation
FFTN,CH,Cantonal administration
GP8M,CH,Local administration
H781,CH,Association
HX77,CH,Cantonal public company
JB25,CH,Swiss branch of an enterprise domiciled abroadregistered in the commercial registrer
KJ9Q,CH,Non-commercial power of attorney
L5DU,CH,Local public company
M848,CH,Corpororate public company
MRSY,CH,General partnership
MVII,CH,Company limited by shares
OBFU,CH,Representative of an ownership in undivided shares
QSI2,CH,Cooperative
R9TC,CH,Foreign enterprise
TL87,CH,Limited partnership for collective investments
UNA9,CH,Swiss branch registered at the registry of commerce
VPRH,CH,District public company
W6A7,CH,Patnership limited by shares
XJOT,CH,Investment company with variable capital
YRGM,CH,District administration
1BL5,CH,Succursale suisse d'une entreprise domiciliée àl'étranger non inscrite au registre de commerce
1RKS,CH,Administration publique étrangère (ex. Ambassade)
2B81,CH,Société simple
2JZ4,CH,Fondation
2WFG,CH,Entreprise publique étrangère
2XJA,CH,Administration de la Confédération
3EKS,CH,Société à responsabilité limitée (SARL)
54WI,CH,Société d'investissement à capital fixe (SICAF)
5BEZ,CH,Forme juridique particulière
7MNN,CH,Institut de droit public
AZA0,CH,Entreprise individuelle
BF9N,CH,Entreprise publique fédérale
CQMY,CH,Société en commandite
DP2E,CH,Organisation Internationale
E0NE,CH,Corporation de droit public
FFTN,CH,Administration du canton
GP8M,CH,Administration communale
H781,CH,"Association politique, religieuse, scientifique, etc."
HX77,CH,Entreprise publique cantonale
JB25,CH,Succursale suisse d'une entreprise domiciliée àl'étranger inscrite au registre de commerce
KJ9Q,CH,Procurations non commerciales
L5DU,CH,Entreprise publique communale
M848,CH,Entreprise publique d'une corpororation
MRSY,CH,Société en nom collectif
MVII,CH,Société anonyme
OBFU,CH,Représentants d'indivisions
QSI2,CH,Société coopérative
R9TC,CH,Entreprise étrangère
TL87,CH,Société en commandite de placements collectifs
UNA9,CH,Succursale suisse enregistrée au registre decommerce
VPRH,CH,Entreprise publique de district
W6A7,CH,Société en commandite par action
XJOT,CH,Société d'investissement à capital variable (SICAV)
YRGM,CH,Administration du district
1BL5,CH,Succursali svizzere di una impresa domiciliataall'estero non iscritta al registro di commercio
1RKS,CH,Amministrazione pubblica estera (ex. ambasciata)
2B81,CH,Sociéta semplice
2JZ4,CH,Fondazione
2WFG,CH,Impresa pubblica estera
2XJA,CH,Amministrazione della Confederazione
3EKS,CH,Società a garanzia limitata (SAGL)
54WI,CH,Società di investimento a capitale fisso (SICAF)
5BEZ,CH,Natura giuridica particolare
7MNN,CH,Istituti di diritto pubblico
AZA0,CH,Ditta individuale
BF9N,CH,Impresa pubblica federale
CQMY,CH,Società in accomandita
DP2E,CH,Organizazioni Internazionali
E0NE,CH,"Amm. corporazioni, consorzi, patriziati di dirittopubblico"
FFTN,CH,Amministrazione del cantone
GP8M,CH,Amministrazione comunale
H781,CH,"Associazione politico, religioso, scientifico, ecc."
HX77,CH,Impresa pubblica cantonale
JB25,CH,Succursale di una impresa domiciliata all'esteroiscritta al registro di commercio
KJ9Q,CH,Procura non commerciale
L5DU,CH,Impresa pubblica comunale
M848,CH,Impresa o ente pubblico di una corporazione
MRSY,CH,Società in nome collettivo
MVII,CH,Società anonima
OBFU,CH,Rappresentanti d'indivisioni
QSI2,CH,Società cooperativa
R9TC,CH,Impresa straniera
TL87,CH,Società in accomandita per investimenti collettivi dicapitale
UNA9,CH,Succursale svizzera registrata nel registro dicommercio
VPRH,CH,Impresa pubblica di distretto
W6A7,CH,Società in accomandita per azioni
XJOT,CH,Società di investimento a capitale variabile (SICAV)
YRGM,CH,Amministrazione del distretto
JMQU,TR,kollektif şirket
ONVA,TR,komandit şirket
R5UT,TR,limited şirket
W2SQ,TR,anonim şirket
55MA,GB,Cwmni Cyfyngedig Cyhoeddus
T61R,GB,cyfyngedig
WJ0A,GB,Partneriaeth Atebolrwydd Cyfyngedig
4GJI,GB,Private Limited by Guarantee
57V7,GB,Private Unlimited
B6ES,GB,Public Limited Company
CDOT,GB,UK Establishment
H0PO,GB,Private Limited Company
ID30,GB,Limited Partnership
Q0M5,GB,Unregistered Company
U6R9,GB,European Economic Interest Grouping
Z0EY,GB,Limited Liability Partnership
ZQ6S,GB,Old Public Company
HHYT,GB,European Public Limited-Liability Company(Societas Europaea)
5MNR,US,Professional Corporation
78H5,US,Corporation (Nonprofit)
A9AW,US,Limited Partnership
D8PB,US,Business Development Corporation
FGVH,US,Corporation (Business or for-profit)
IMDT,US,Limited Liability Limited Partnership
IVQQ,US,Corporation Sole
N69M,US,Limited Liability Partnership
O85W,US,Limited Liability Company
P24O,US,Business Trust
QEEJ,US,Professional Limited Liability Company
QUJ5,US,Benefit Corporation
RSWJ,US,General Partnership
S68T,US,Electric Cooperative Nonprofit MembershipCorporation
ST2Q,US,Cooperative Marketing Association
UGE3,US,Nonprofit Electric Generation and TransmissionCooperative Corporation
VKPN,US,Close Corporation
1ASH,US,Religious corporations
1ONH,US,Public Benefit Corporations
37F5,US,Professional Firms
43LY,US,Limited Partnership
6ZAR,US,Limited Liability Partnership
8OK2,US,Business Trusts
9HKD,US,Financial Corporations
9I4Y,US,Non-Profit Corporation
BQRL,US,Limited Liability Company
DEMP,US,General Partnership
IYZI,US,Limited Liability Limited Partership
LDBS,US,Cooperative (Producer)
